Title,Link
Exploring the COVID-19 vaccine candidates against SARS-CoV-2 and its variants: where do we stand and where do we go?,https://www.ncbi.nlm.nih.gov/pmc/articles/PMC8726002/
An Update on the Status of Vaccine Development for SARS-CoV-2 Including Variants. Practical Considerations for COVID-19 Special Populations,https://www.ncbi.nlm.nih.gov/pmc/articles/PMC8851053/
An overview of current drugs and prophylactic vaccines for coronavirus disease 2019 (COVID-19),https://www.ncbi.nlm.nih.gov/pmc/articles/PMC9100302/
A comprehensive analysis of the efficacy and effectiveness of COVID-19 vaccines,https://www.ncbi.nlm.nih.gov/pmc/articles/PMC9459021/
Current clinical status of new COVID-19 vaccines and immunotherapy,https://www.ncbi.nlm.nih.gov/pmc/articles/PMC9442597/
"COVID-19 vaccine development: milestones, lessons and prospects",https://www.ncbi.nlm.nih.gov/pmc/articles/PMC9062866/
"Vaccines for COVID-19: A Systematic Review of Immunogenicity, Current Development, and Future Prospects",https://www.ncbi.nlm.nih.gov/pmc/articles/PMC9092649/
Efficacy and safety of COVID‐19 vaccines,https://www.ncbi.nlm.nih.gov/pmc/articles/PMC9726273/
Update on the effectiveness of COVID-19 vaccines on different variants of SARS-CoV-2,https://www.ncbi.nlm.nih.gov/pmc/articles/PMC9977625/
Application of Traditional Vaccine Development Strategies to SARS-CoV-2,https://www.ncbi.nlm.nih.gov/pmc/articles/PMC10134813/
Can COVID-19 Vaccines Induce Premature Non-Communicable Diseases: Where Are We Heading to?,https://www.ncbi.nlm.nih.gov/pmc/articles/PMC9960675/
Responses to Common Misconceptions Relating to COVID-19 Variant-Adapted mRNA Vaccines,https://www.ncbi.nlm.nih.gov/pmc/articles/PMC10819631/
Biotechnological Perspectives to Combat the COVID-19 Pandemic: Precise Diagnostics and Inevitable Vaccine Paradigms,https://www.ncbi.nlm.nih.gov/pmc/articles/PMC8997755/
"COVID-19 vaccine update: vaccine effectiveness, SARS-CoV-2 variants, boosters, adverse effects, and immune correlates of protection",https://www.ncbi.nlm.nih.gov/pmc/articles/PMC9569411/
COVID-19 vaccines: The status and perspectives in delivery points of view,https://www.ncbi.nlm.nih.gov/pmc/articles/PMC7759095/
"Mutations in SARS-CoV-2: Insights on structure, variants, vaccines, and biomedical interventions",https://www.ncbi.nlm.nih.gov/pmc/articles/PMC9637516/
COVID-19 vaccines in pregnancy,https://www.ncbi.nlm.nih.gov/pmc/articles/PMC9061132/
COVID-19: An Overview of SARS-CoV-2 Variants—The Current Vaccines and Drug Development,https://www.ncbi.nlm.nih.gov/pmc/articles/PMC10480030/
SARS-CoV-2-specific immune responses and clinical outcomes after COVID-19 vaccination in patients with immune-suppressive disease,https://www.ncbi.nlm.nih.gov/pmc/articles/PMC10353927/
An update review of globally reported SARS-CoV-2 vaccines in preclinical and clinical stages,https://www.ncbi.nlm.nih.gov/pmc/articles/PMC8101866/
